segment,n,base_rate,pr_auc
0,2887.0,0.05022514721163838,0.07043601405851016
1,2390.0,0.20627615062761506,0.4626657766464719
2,2667.0,0.03824521934758155,0.10808344344626439
3,294.0,0.6394557823129252,0.7946273238993399
