segment,n,conversion_rate,avg_age,dominant_job,dominant_contact,mean_euribor3m,campaign_tier
2,1243,0.6291230893000804,41.75623491552695,admin.,cellular,0.9763161705551086,warm_returners
1,9613,0.191615520649121,39.36024133985228,admin.,cellular,1.2015207531467804,engaged_cellular
0,22094,0.049244138680184665,40.20059744727075,admin.,cellular,4.818609034126912,cold_pool
