segment,n,conversion_rate,avg_age,dominant_job,dominant_contact,mean_euribor3m
3,1243,0.6291230893000804,41.75623491552695,admin.,cellular,0.9763161705551086
1,9608,0.19171523730224813,39.35793089092423,admin.,cellular,1.2003484596169858
0,11510,0.05942658557775847,40.18549087749783,admin.,cellular,4.751522849695917
2,10589,0.0381528000755501,40.218717537066766,blue-collar,telephone,4.89088591935027
